serial_number,time_stamp,Sector 1,Sector 2,Sector 3,Sector 4
1,2016-03-21,1125.36,458.49,2048.98,1275
2,2016-03-18,1120.1,458.49,2048.98,1242.46
3,2016-03-17,1120.1,458.49,2048.98,1242.46
4,2016-03-16,1117.84,458.49,2048.98,1228.52
5,2016-03-15,1114.08,458.49,2048.98,1205.28
6,2016-03-14,1113.8199,458.49,2048.5801,1205.28
7,2016-03-11,1112.3199,458.49,2048.5801,1195.98
8,2016-03-10,1108.75,458.49,2046.5601,1182.04
9,2016-03-09,1111.88,470.07,2047.36,1182.04
10,2016-03-08,1111.88,470.07,2047.36,1182.04
11,2016-03-07,1111.88,470.07,2047.36,1182.04
12,2016-03-04,1111.88,470.07,2047.36,1182.04
13,2016-03-03,1111.88,470.07,2047.36,1182.04
14,2016-03-02,1112.63,470.07,2047.36,1186.6899
15,2016-03-01,1113.95,470.07,2047.08,1195.98
16,2016-02-29,1114.34,470.07,2048.8401,1191.33
17,2016-02-26,1115.09,470.07,2048.8401,1195.98
18,2016-02-25,1114.51,470.07,2045.63,1205.28
19,2016-02-24,1114.51,470.07,2045.63,1205.28
20,2016-02-23,1116.2,470.07,2048.22,1205.28
21,2016-02-22,1117.7,470.07,2048.22,1214.5699
22,2016-02-19,1115.98,470.07,2048.1699,1207.71
23,2016-02-18,1115.95,470.07,2048.1101,1207.71
24,2016-02-17,1115.1,470.07,2048.1101,1204.28
25,2016-02-16,1114.26,470.07,2048.1101,1202.17
26,2016-02-15,1115.95,470.07,2048.1101,1209.03
27,2016-02-12,1115.1,470.07,2048.1101,1205.6
28,2016-02-11,1111.73,470.07,2048.1101,1191.87
29,2016-02-10,1114.42,470.07,2046.91,1205.6
30,2016-02-05,1126.98,527.78,2046.91,1209.03
31,2016-02-04,1127.64,527.78,2048.0801,1209.03
32,2016-02-03,1126.79,527.78,2048.0801,1205.6
33,2016-02-02,1125.95,527.78,2048.0801,1202.17
34,2016-02-01,1126.79,527.78,2048.0801,1205.6
35,2016-01-29,1124.9399,527.78,2047.79,1198.74
36,2016-01-28,1125.98,527.78,2048.1399,1202.17
37,2016-01-27,1105.45,527.78,2016.4,1191.87
38,2016-01-26,1107.14,527.78,2016.4,1198.74
39,2016-01-25,1107.53,528.2,2015.6,1202.17
40,2016-01-22,1110.91,528.2,2015.6,1215.9
41,2016-01-21,1112.59,528.2,2015.6,1222.76
42,2016-01-20,1116.8101,528.2,2015.6,1239.92
43,2016-01-19,1115.97,528.2,2015.6,1236.49
44,2016-01-18,1117.66,528.2,2015.6,1243.36
45,2016-01-15,1111.03,470.49,2021.59,1250.22
46,2016-01-14,1112.72,469.23,2021.59,1257.08
47,2016-01-13,1115.25,469.23,2021.59,1267.38
48,2016-01-12,1116.1,469.23,2021.59,1270.8101
49,2016-01-11,1116.9399,471.34,2021.59,1274.24
50,2016-01-08,1116.1,471.34,2021.59,1270.8101
51,2016-01-07,1116.9399,471.34,2021.59,1274.24
52,2016-01-06,1136.92,471.34,2056.8201,1274.24
53,2016-01-05,1139.52,471.34,2062.8899,1270.8101
54,2016-01-04,1141.21,471.34,2062.8899,1277.6801
55,2015-12-30,1142.9,471.34,2062.8899,1284.54
56,2015-12-29,1141.21,471.34,2062.8899,1277.6801
57,2015-12-28,1142.6,471.34,2062.3701,1284.54
58,2015-12-24,1142.78,471.34,2061.2,1287.97
59,2015-12-23,1141.71,471.34,2060.8,1284.54
60,2015-12-22,1121.64,471.34,2026.9,1281.11
61,2015-12-21,1119.1,467.12,2026.9,1270.8101
62,2015-12-18,1126.98,489.32,2026.9,1284.54
63,2015-12-17,1127.9504,489.3167,2030.0898,1281.1082
64,2015-12-16,1127.9504,489.3167,2030.0898,1281.1082
65,2015-12-15,1135.9008,489.3167,2044.1056,1281.1082
66,2015-12-14,1123.5699,489.32,2017.9,1291.4
67,2015-12-11,1124.41,489.32,2017.9,1294.84
68,2015-12-10,1126.1,489.32,2017.9,1301.7
69,2015-12-09,1125.26,489.32,2017.9,1298.27
70,2015-12-08,1141.8101,491.42,2044.11,1305.13
71,2015-12-07,1137.98,491.42,2038.85,1301.7
72,2015-12-04,1138.83,491.42,2038.85,1305.13
73,2015-12-03,1141.79,491.42,2044.08,1305.13
74,2015-12-02,1143.96,491.42,2046.41,1308.5601
75,2015-12-01,1143.46,488.94,2046.41,1308.5601
76,2015-11-30,1143.46,488.94,2046.41,1308.5601
77,2015-11-27,1145.11,488.94,2049.3301,1308.5601
78,2015-11-26,1144.27,488.94,2049.3301,1305.13
79,2015-11-25,1144.27,488.94,2049.3301,1305.13
80,2015-11-24,1143.42,488.94,2049.3301,1301.7
81,2015-11-23,114.27,488.94,2049.3301,1305.13
82,2015-11-20,1143.42,488.94,2049.3301,1301.7
83,2015-11-19,1141.61,493.91,2047.34,1297.49
84,2015-11-18,1143.3,493.91,1047.34,1304.35
85,2015-11-17,1143.3,493.91,2047.34,1304.35
86,2015-11-16,1138.8,471.71,2047.34,1304.35
87,2015-11-13,1138.29,469.23,2047.34,1304.35
88,2015-11-12,1146.59,469.23,2054.52,1321.51
89,2015-11-11,1142.37,473.44,2054.52,1304.35
90,2015-11-10,1148.95,476.36,2059.1101,1314.65
91,2015-11-09,1148.95,476.36,2059.1101,1314.65
92,2015-11-06,1148.11,476.36,2059.1101,1311.21
93,2015-11-05,1153.91,505.22,2059.02,1311.21
94,2015-11-04,1152.22,505.22,2059.02,1304.35
95,2015-10-30,1152.22,505.22,2059.02,1304.35
96,2015-10-29,1153.51,505.22,2064.27,1297.49
97,2015-10-28,1151.33,509.43,2067.8601,1280.33
98,2015-10-27,1147.11,509.43,2067.8601,1263.16
99,2015-10-26,1142.89,509.43,2067.8601,1246
100,2015-10-23,1134.45,509.43,2067.8601,1211.6801
101,2015-10-22,1136.3,516.89,2068.45,1211.6801
102,2015-10-21,1136.3,516.89,2068.45,1211.6801
103,2015-10-20,1142.89,516.89,2080.0701,1211.6801
104,2015-10-19,1142.89,516.89,2080.0701,1211.6801
105,2015-10-16,1142.89,516.89,2080.0701,1211.6801
106,2015-10-15,1149.2,547.96,2080.0701,1211.6801
107,2015-10-14,1149.2,547.96,2080.0701,1211.6801
108,2015-10-13,1148.29,547.96,2078.47,1211.6801
109,2015-10-12,1149.9301,550.45,2080.47,1211.6801
110,2015-10-08,1149.9301,550.45,2080.47,1211.6801
111,2015-10-07,1159.72,552.94,2096.8501,1211.6801
112,2015-10-06,1159.22,550.45,2096.8501,1211.6801
113,2015-10-05,1155.91,550.45,2091.02,1211.6801
114,2015-10-02,1164.34,564.98,2091.02,1235.71
115,2015-10-01,1157.28,567.09,2088.99,1211.6801
116,2015-09-30,1157.28,567.09,2088.99,1211.6801
117,2015-09-29,1158.01,567.09,2090.27,1211.6801
118,2015-09-28,1173.2,567.09,2090.27,1273.46
119,2015-09-25,1173.2,567.09,2090.27,1273.46
120,2015-09-24,1174.04,567.09,2090.27,1276.89
121,2015-09-23,1169.21,567.09,2090.6799,1256.3
122,2015-09-22,1181.85,567.09,2092.1399,1304.35
123,2015-09-21,1186.5699,582,2092.1399,1311.21
124,2015-09-18,1191.63,582,2092.1399,1331.8101
125,2015-09-17,1195.4,583.93,2092.1399,1345.54
126,2015-09-16,1198.77,581.32,2092.1399,1359.26
127,2015-09-15,1199.61,581.32,2092.1399,1362.7
128,2015-09-14,1200.1899,568.02,2092.1399,1376.42
129,2015-09-11,1191.9399,568.01,2077.5901,1376.42
130,2015-09-10,1193.92,568.02,2079.6001,1379.86
131,2015-09-09,1203.49,568.02,2096.47,1379.86
132,2015-09-08,1202.16,540.68,2096.47,1397.02
133,2015-09-07,1201.3199,540.68,2096.47,1393.58
134,2015-09-04,1199.6,563.05,2085.4399,1393.58
135,2015-09-03,1201.29,563.05,2085.4399,1400.45
136,2015-09-02,1203.48,565.53,2085.4399,1407.3101
137,2015-09-01,1209.26,565.53,2097.1201,1403.88
138,2015-08-31,1213.4301,568.02,2099.1101,1414.1801
139,2015-08-28,1212.58,568.02,2099.1101,1410.75
140,2015-08-27,1211.74,568.02,2099.1101,1407.3101
141,2015-08-26,1213.4301,568.02,2099.1101,1414.1801
142,2015-08-25,1216.62,568.02,2100.28,1424.47
143,2015-08-24,1216.62,568.02,2100.28,1424.47
144,2015-08-21,1215.78,568.02,2100.28,1421.04
145,2015-08-20,1218.34,568.02,2097.3701,1438.2
146,2015-08-19,1220.7,575.47,2097.3701,1441.63
147,2015-08-18,1222.6801,577.58,2099.3601,1445.0699
148,2015-08-17,1226.9,577.58,2099.3601,1462.23
149,2015-08-14,1226.5699,577.58,2098.78,1462.23
150,2015-08-13,1226.5699,577.58,2098.78,1462.23
151,2015-08-12,1227.0601,577.58,2099.6599,1462.23
152,2015-08-11,1229.59,577.58,2099.6599,1472.52
153,2015-08-07,1232.97,577.58,2099.6599,1486.25
154,2015-08-06,1225.1801,577.58,2099.6599,1454.5699
155,2015-08-05,1227.9399,577.58,2101.6499,1461.17
156,2015-08-04,1216.8,586.41,2078.8601,1461.17
157,2015-08-03,1219.23,586.41,2078.8601,1471.0699
158,2015-07-31,1219.26,586.41,2081.78,1464.47
159,2015-07-30,1216.7,572.61,2079.3301,1471.0699
160,2015-07-29,1219.8199,581.49,2081.6599,1471.0699
161,2015-07-28,1217.6899,581.49,2079.3301,1467.77
162,2015-07-27,1222.09,581.49,2085.6499,1471.0699
163,2015-07-24,1222.09,581.49,2085.6499,1471.0699
164,2015-07-23,1218.2,581.49,2081.6599,1464.47
165,2015-07-22,1219.8199,581.49,2081.6599,1471.0699
166,2015-07-21,1219.8199,581.49,2081.6599,1471.0699
167,2015-07-20,1222.28,588.95,2083.3201,1471.0699
168,2015-07-17,1221,588.95,2079.3301,1471.0699
169,2015-07-16,1220.8101,588.95,2078.97,1471.0699
170,2015-07-15,1221.63,588.95,2078.97,1474.3
171,2015-07-14,1220.8101,588.95,2078.97,1471.0699
172,2015-07-13,1223.28,588.95,2078.97,1480.75
173,2015-07-10,1221.63,588.95,2078.97,1474.3
174,2015-07-09,1220.8101,588.95,2078.97,1471.0699
175,2015-07-08,1223.28,588.95,2078.97,1480.75
176,2015-07-06,1221.95,586.74,2078.9099,1477.52
177,2015-07-03,1220.3,586.74,2078.9099,1471.0699
178,2015-07-02,1219.48,584.59,2078.9099,1467.85
179,2015-07-01,1219.48,584.59,2078.9099,1467.85
180,2015-06-30,1221.12,584.59,2078.9099,1474.3
181,2015-06-29,1221.95,586.74,2078.9099,1477.52
182,2015-06-26,1221.92,586.74,2078.8401,1477.52
183,2015-06-25,1222.74,586.74,2078.8401,1484.75
184,2015-06-24,1222.74,586.74,2078.8401,1484.75
185,2015-06-23,1222.74,586.74,2078.8401,1484.75
186,2015-06-22,1221.3101,580.14,2078.8401,1484.75
187,2015-06-19,1218.05,580.14,2072.74,1484.75
188,2015-06-18,1216.74,580.14,2071.8301,1481.53
189,2015-06-17,1221.6801,580.14,2071.8301,1500.88
190,2015-06-16,1222.4399,580.14,2077.8701,1491.2
191,2015-06-15,1224.91,580.14,2077.8701,1500.88
192,2015-06-12,1225.23,580.14,2081.54,1494.4301
193,2015-06-11,1222.75,580.14,2081.54,1484.75
194,2015-06-10,1225.7,582.34,2081.54,1494.4301
195,2015-06-09,1224.12,582.34,2075.49,1500.88
196,2015-06-08,1228.72,582.34,2084.1001,1500.88
197,2015-06-05,1228.72,582.34,2084.1001,1500.88
198,2015-06-04,1224.6,582.34,2084.1001,1484.75
199,2015-06-03,1228.72,582.34,2084.1001,1500.88
200,2015-06-02,1225.83,595.09,2072.01,1504.1
201,2015-06-01,1226.03,592.2,2072.01,1507.33
202,2015-05-29,1236.36,598.67,2084.1001,1517.26
203,2015-05-28,1231.85,598.67,2083.3701,1501.13
204,2015-05-27,1228.5601,598.67,2083.3701,1488.23
205,2015-05-26,1226.52,598.67,2057.98,1533.38
206,2015-05-25,1222.4,598.67,2057.98,1517.26
207,2015-05-22,1235.97,598.67,2083.3701,1517.26
208,2015-05-21,1222.28,598.67,2056.23,1520.48
209,2015-05-20,1227.23,598.67,2056.23,1539.83
210,2015-05-19,1223.15,598.67,2054.77,1526.9301
211,2015-05-18,1224.8,598.67,2054.77,1533.38
212,2015-05-15,1224.8,598.67,2054.77,1533.38
213,2015-05-14,1227.27,598.67,2054.77,1543.0601
214,2015-05-13,1232.1801,598.67,2054.71,1562.41
215,2015-05-12,1233,598.67,2054.71,1565.63
216,2015-05-11,1233,598.67,2054.71,1565.63
217,2015-05-08,1233.83,598.67,2054.71,1568.86
218,2015-05-07,1233.76,594.53,2054.71,1572.08
219,2015-05-06,1233.76,594.53,2054.71,1572.08
220,2015-05-05,1233.76,594.53,2054.71,1572.08
221,2015-05-04,1238.53,609,2054.71,1578.53
222,2015-04-30,1238.53,609,2054.71,1578.53
223,2015-04-29,1239.98,609,2054.3401,1584.98
224,2015-04-28,1240.8,609,2054.3401,1588.21
225,2015-04-27,1241.71,604.86,2056.1699,1591.4301
226,2015-04-24,1248.34,609,2056.1101,1614.01
227,2015-04-23,1244.22,609,2056.1101,1597.88
228,2015-04-22,1245.87,609,2056.1101,1604.33
229,2015-04-21,1248.08,609,2055.6299,1614.01
230,2015-04-20,1246.4399,609,2055.6299,1607.5601
231,2015-04-17,1248.08,609,2055.6299,1614.01
232,2015-04-16,1249.73,609,2055.6299,1620.46
233,2015-04-15,1251.38,609,2055.6299,1626.91
234,2015-04-14,1251.38,609,2055.6299,1626.91
235,2015-04-13,1253.0601,609,2055.6899,1633.36
236,2015-04-10,1252.2,609,2055.6299,1630.14
237,2015-04-09,1255.5,609,2055.6299,1643.04
238,2015-04-08,1252.2,609.43,2055.6299,1630.14
239,2015-04-07,1255.51,609.43,2054.1101,1646.26
240,2015-04-06,1263.75,609.43,2054.1101,1678.51
241,2015-04-02,1255.51,609.43,2054.1101,1646.26
242,2015-04-01,1176.01,609.43,2051.0901,1341.4
243,2015-03-31,1252.99,609.43,2051.0901,1642.73
244,2015-03-30,1252.99,609.43,2051.0901,1642.73
245,2015-03-27,1218.71,609.43,2051.0901,1508.55
246,2015-03-26,1222.83,602.97,2051.0901,1529.73
247,2015-03-25,1221.6,611.25,2051.0901,1517.96
248,2015-03-24,1217.41,605.75,2051.0901,1506.1899
249,2015-03-23,1215,606.18,2051.0901,1496.77
250,2015-03-20,1214.83,600.67,2054.1101,1494.42
251,2015-03-19,1214.83,600.67,2054.1101,1494.42
252,2015-03-18,1215.4301,600.67,2054.1101,1496.77
253,2015-03-17,1213.9399,596.53,2054.1101,1494.42
254,2015-03-16,1211.88,596.53,2049.1399,1496.77
255,2015-03-13,1211.28,596.53,2049.1399,1494.42
256,2015-03-12,1209.27,596.53,2049.1399,1487.36
257,2015-03-11,1208.87,596.1,2049.1399,1485
258,2015-03-10,1207.29,596.1,2047.3101,1482.65
259,2015-03-09,1210.3,596.1,2047.3101,1494.42
260,2015-03-06,1207.76,598.25,2047.3101,1482.65
261,2015-03-05,1210.3,596.1,2047.3101,1494.42
262,2015-03-04,1208.73,596.1,2044.38,1494.42
263,2015-03-03,1205.72,596.1,2044.38,1482.65
264,2015-03-02,1211.28,540.21,2047.95,1494.42
265,2015-02-27,1206.33,540.21,2044.72,1482.41
266,2015-02-26,1204.73,536.5,2044.72,1480
267,2015-02-25,1205.35,536.5,2044.72,1482.41
268,2015-02-24,1205.35,536.5,2044.72,1482.41
269,2015-02-23,1209.0601,552.84,2044.72,1480
270,2015-02-20,1208.45,552.84,2044.72,1477.6
271,2015-02-19,1209.6801,552.84,2044.72,1482.41
272,2015-02-18,1212.75,552.84,2044.72,1494.42
273,2015-02-13,1208.45,552.84,2044.72,1477.6
274,2015-02-12,1208.45,552.84,2044.72,1477.6
275,2015-02-11,1208.45,552.84,2044.72,1477.6
276,2015-02-10,1205.35,552.84,2038.33,1480
277,2015-02-09,1209.03,552.84,2038.33,1494.42
278,2015-02-06,1205.96,552.84,2038.33,1482.41
279,2015-02-05,1205.96,552.84,2038.33,1482.41
280,2015-02-04,1203.73,552.84,2034.5,1482.41
281,2015-02-03,1201.37,543.92,2034.5,1482.41
282,2015-02-02,1200.78,534.74,2034.5,1489.62
283,2015-01-30,1199.55,534.74,2034.5,1484.8101
284,2015-01-29,1201.6899,545.14,2034.5,1482.41
285,2015-01-28,1205.01,541.43,2034.5,1499.23
286,2015-01-27,1203.74,541.43,2034.4301,1494.42
287,2015-01-26,1210.62,554.32,2038.27,1499.23
288,2015-01-23,1208.12,554.32,2036.08,1494.42
289,2015-01-22,1209.61,554.32,2038.64,1494.42
290,2015-01-21,1206.71,554.32,2031.54,1499.23
291,2015-01-20,1206.99,554.32,2033.0699,1496.8199
292,2015-01-19,1209.9,554.32,2039.15,1494.42
293,2015-01-16,1209.9,554.32,2039.15,1494.42
294,2015-01-15,1213.66,566.21,2039.15,1496.8199
295,2015-01-14,1214.78,565.78,2039.15,1501.63
296,2015-01-13,1215.27,566.21,2039.79,1501.63
297,2015-01-12,1215.27,566.21,2039.79,1501.63
298,2015-01-09,1214.65,566.21,2039.79,1499.23
299,2015-01-08,1214.65,566.21,2039.79,1499.23
300,2015-01-07,1214.65,566.21,2039.79,1499.23
301,2015-01-06,1218.65,566.21,2045.6,1501.63
302,2015-01-05,1218.65,566.21,2045.6,1501.63
303,2014-12-30,1219.26,566.21,2045.6,1504.03
304,2014-12-29,1206.21,577.35,2019.12,1501.63
305,2014-12-24,1205.8199,575.87,2019.12,1501.63
306,2014-12-23,1217.28,562.5,2044.95,1501.63
307,2014-12-22,1216.86,563.24,2044.95,1499.23
308,2014-12-19,1220.52,581.81,2041.72,1501.63
309,2014-12-18,1219.35,581.81,2038.65,1504.03
310,2014-12-17,1219.35,581.81,2038.65,1504.03
311,2014-12-16,1212.14,581.81,2026.24,1504.03
312,2014-12-15,1212.76,581.81,2026.24,1506.4301
313,2014-12-12,1211.53,581.81,2026.24,1501.63
314,2014-12-11,1214.54,581.81,2029.3101,1506.4301
315,2014-12-10,1213.92,581.81,2029.3101,1504.03
316,2014-12-09,1208.9301,581.81,2020.71,1504.03
317,2014-12-08,1206.67,581.81,2016.83,1504.03
318,2014-12-05,1210.42,581.841,2032.23,1504.03
319,2014-12-04,1213.54,581.81,2028.65,1504.03
320,2014-12-03,1214.16,581.81,2028.65,1506.4301
321,2014-12-02,1213.54,581.81,2028.65,1504.03
322,2014-12-01,1214.16,581.81,2028.65,1506.4301
323,2014-11-28,1213.54,581.81,2028.65,1504.03
324,2014-11-27,1213.54,581.81,2028.65,1504.03
325,2014-11-26,1208.55,581.81,2020.0601,1504.03
326,2014-11-25,1208.55,581.81,2020.0601,1504.03
327,2014-11-24,1210.42,581.81,1905.04,1504.03
328,2014-11-21,1213.1,581.81,1909.64,1504.03
329,2014-11-20,1212.16,581.81,1908.02,1504.03
330,2014-11-19,1212.16,581.81,1908.02,1504.03
331,2014-11-18,1211.55,581.81,1908.02,1501.63
332,2014-11-17,1212.16,581.81,1908.02,1504.03
333,2014-11-14,1211.55,581.81,1908.02,1501.63
334,2014-11-13,1210.9301,581.81,1908.02,1499.23
335,2014-11-12,1208.77,581.81,1903.25,1501.63
336,2014-11-11,1212.46,600.38,1903.25,1496.8199
337,2014-11-10,1211.85,600.38,1903.1801,1494.42
338,2014-11-07,1212.42,600.38,1903.1801,1496.8199
339,2014-11-06,1201.97,563.24,1903.1801,1494.42
340,2014-11-05,1200.88,566.21,1899.95,1494.42
341,2014-11-04,1198.3101,566.21,1897.65,1489.62
342,2014-10-31,1199.54,566.21,1897.65,1494.42
343,2014-10-30,1198.58,569.93,1895.35,1492.02
344,2014-10-29,1198.02,569.93,1896.5,1487.21
345,2014-10-28,1198.02,569.93,1896.5,1487.21
346,2014-10-27,1199.61,573.64,1896.5,1489.62
347,2014-10-24,1200.84,573.64,1896.5,1494.42
348,2014-10-23,1199.61,573.64,1896.5,1489.62
349,2014-10-22,1202.23,573.64,1898.61,1492.02
350,2014-10-21,1201.62,573.64,1898.61,1489.62
351,2014-10-20,1199.74,573.64,1895.38,1489.62
352,2014-10-17,1199.74,573.64,1895.38,1489.62
353,2014-10-16,1198.23,567.08,1895.77,1489.62
354,2014-10-15,1195.91,565.05,1892.7,1489.62
355,2014-10-14,1196.52,565.05,1892.7,1492.02
356,2014-10-13,1195.09,559.65,1892.7,1492.02
357,2014-10-09,1194.78,559.65,1892.15,1492.02
358,2014-10-08,1195.3101,561.68,1892.15,1492.02
359,2014-10-07,1195.9301,561.68,1892.15,1494.42
360,2014-10-06,1190.23,560.19,1884.08,1492.02
361,2014-10-03,1192.58,566.75,1884.08,1494.42
362,2014-10-02,1192.58,566.75,1884.08,1494.42
363,2014-10-01,1193.8101,566.75,1884.08,1499.23
364,2014-09-30,1194.86,566.75,1889.0601,1492.02
365,2014-09-29,1190.09,566.75,1880.85,1492.02
366,2014-09-26,1189.4301,566.75,1878.65,1494.42
367,2014-09-25,1188.86,566.75,1877.6801,1494.42
368,2014-09-24,1189.09,566.75,1878.0699,1494.42
369,2014-09-23,1188.47,566.75,1878.0699,1492.02
370,2014-09-22,1187.8,566.75,1876.92,1492.02
371,2014-09-19,1188.03,566.75,1877.3,1492.02
372,2014-09-18,1188.75,566.75,1877.3,1494.42
373,2014-09-17,1198.75,580.12,1888.61,1494.42
374,2014-09-16,1199.33,580.12,1888.54,1496.8199
375,2014-09-15,1199.9399,580.12,1888.54,1499.23
376,2014-09-12,1199.9399,580.12,1888.54,1499.23
377,2014-09-11,1199.33,580.12,1888.54,1496
378,2014-09-10,1192.72,580.12,1877.17,1496.8199
379,2014-09-09,1193.34,580.12,1877.17,1499.23
380,2014-09-08,1192.11,580.12,1877.17,1494.42
381,2014-09-05,1193.34,580.12,1877.17,1499.23
382,2014-09-04,1192.72,580.12,1877.17,1496.8199
383,2014-09-03,1192.26,580.12,1877.8199,1496.8199
384,2014-09-02,1190.26,569.39,1877.8199,1496.8199
385,2014-09-01,1188.3,569.39,1875.52,1494.42
386,2014-08-29,1188.54,569.39,1874.87,1496.8199
387,2014-08-28,1181.86,569.39,1863.37,1496.8199
388,2014-08-27,1183.2,569.39,1865.67,1496.8199
389,2014-08-26,1183.8101,569.39,1865.67,1499.23
390,2014-08-25,1183.2,569.39,1865.67,1496.8199
391,2014-08-22,1183.2,569.39,1865.67,1496.8199
392,2014-08-21,1182.86,569.39,1865.67,1494.42
393,2014-08-20,1181.86,569.39,1864.71,1496.8199
394,2014-08-19,1186.1899,585.74,1864.71,1496.8199
395,2014-08-18,1186.1899,585.74,1864.71,1496.8199
396,2014-08-15,1189.04,596.47,1864.71,1496.8199
397,2014-08-14,1189.76,596.47,1867.01,1494.42
398,2014-08-13,1189.76,596.47,1867.01,1494.42
399,2014-08-12,1190.03,596.47,1868.55,1492.02
400,2014-08-11,1189.76,596.47,1867.01,1494.42
401,2014-08-08,1192.8,613.01,1864.71,1494.42
402,2014-08-07,1191.58,613.01,1864.71,1489.62
403,2014-08-06,1191.58,613.01,1864.71,1489.62
404,2014-08-05,1192.3,613.01,1867.01,1487.21
405,2014-08-04,1193.22,621.12,1867.01,1482.41
406,2014-08-01,1192.99,621.12,1866.63,1482.41
407,2014-07-31,1190.5,621.12,1863.4,1480
408,2014-07-30,1195.42,639.7,1862.73,1480
409,2014-07-29,1193.7,639.7,1860.8101,1477.6
410,2014-07-28,1193.08,639.7,1860.8101,1475.2
411,2014-07-25,1193.7,639.7,1860.8101,1477.6
412,2014-07-24,1193.7,639.7,1860.8101,1477.6
413,2014-07-23,1192.8101,631.59,1864.04,1475.2
414,2014-07-22,1194.7,639.7,1864.65,1472.8
415,2014-07-21,1192.42,641.84,1860.8101,1470.39
416,2014-07-18,1192.42,641.84,1860.8101,1470.39
417,2014-07-17,1188.08,641.84,1851.8101,1470.39
418,2014-07-16,1188.83,641.84,1853.3,1470.39
419,2014-07-15,1188.08,641.84,1851.74,1470.39
420,2014-07-14,1187.37,641.84,1851.74,1467.95
421,2014-07-11,1186.65,641.84,1851.74,1465.51
422,2014-07-10,1186.65,641.84,1851.74,1465.51
423,2014-07-09,1187.9399,641.84,1855.89,1463.0601
424,2014-07-08,1177.25,596.75,1855.48,1463.0601
425,2014-07-07,1175.8199,596.75,1855.48,1458.17
426,2014-07-04,1175.1,596.75,1855.48,1458.17
427,2014-07-03,1186.3101,641.84,1855.48,1458.17
428,2014-07-02,1185.5,639.67,1855.48,1458.17
429,2014-07-01,1184.55,639.67,1852.88,1458.17
430,2014-06-30,1184.55,639.67,1852.88,1458.17
431,2014-06-27,1185.05,641.84,1852.88,1458.17
432,2014-06-26,1186.34,641.84,1857.03,1455.73
433,2014-06-25,1186.0699,639.67,1856.04,1458.17
434,2014-06-24,1185.36,639.67,1856.04,1455.73
435,2014-06-23,1183.36,639.67,1851.89,1455.73
436,2014-06-20,1183.5601,639.67,1852.3101,1455.73
437,2014-06-19,1172.48,596.32,1851.73,1453.28
438,2014-06-18,1172.98,598.49,1851.73,1453.28
439,2014-06-17,1172.9,598.49,1851.5601,1453.28
440,2014-06-16,1172.98,598.49,1851.73,1453.28
441,2014-06-13,1173.1899,596.32,1851.73,1455.73
442,2014-06-12,1176.34,609.85,1851.73,1455.73
443,2014-06-11,1173.1899,596.32,1851.73,1455.73
444,2014-06-10,1174.4399,596.32,1854.3199,1455.73
445,2014-06-09,1174.4399,596.32,1854.3199,1455.73
446,2014-06-06,1161.15,596.32,1826.74,1455.73
447,2014-06-05,1161.15,596.32,1826.74,1455.73
448,2014-06-04,1163.4,596.32,1832.89,1453.28
449,2014-06-03,1164.04,596.32,1832.73,1455.73
450,2014-06-02,1164.04,596.32,1832.73,1455.73
451,2014-05-30,1174.53,641.41,1832.73,1455.73
452,2014-05-29,1173.8101,641.41,1832.73,1453.28
453,2014-05-28,1175.78,641.41,1835.3199,1455.73
454,2014-05-27,1175.0601,641.41,1835.3199,1453.28
455,2014-05-26,1175.78,641.41,1835.3199,1455.73
456,2014-05-23,1176.49,641.41,1835.3199,1458.17
457,2014-05-22,1175.78,641.41,1835.3199,1455.73
458,2014-05-21,1177.5,645.75,1835.3199,1458.17
459,2014-05-20,1175.03,643.58,1832.73,1455.73
460,2014-05-19,1174.09,643.58,1830.71,1455.73
461,2014-05-16,1171.61,643.58,1824.14,14.58
462,2014-05-15,1171.61,643.58,1824.14,1458.17
463,2014-05-14,1171.1,641.41,1824.14,1458.17
464,2014-05-13,1170.85,641.41,1823.62,1458.17
465,2014-05-12,1171.5699,641.41,1823.62,1460.74
466,2014-05-09,1172.0699,643.58,1823.62,1460.74
467,2014-05-08,1172.0699,643.58,1823.62,1460.74
468,2014-05-07,1172.0699,643.58,1823.62,1460.74
469,2014-05-06,1171.36,643.58,1823.62,1458.29
470,2014-05-05,1172.0699,643.58,1823.62,1460.74
471,2014-05-02,1171.36,643.58,1823.62,1458.29
472,2014-04-30,1171.36,643.58,1823.62,1458.29
473,2014-04-29,1171.64,643.58,1824.2,1458.29
474,2014-04-28,1170.92,643.58,1824.2,1455.85
475,2014-04-25,1171.36,643.58,1823.62,1458.29
476,2014-04-24,1171.36,643.58,1823.62,1458.29
477,2014-04-23,1171.36,643.58,1823.62,1458.29
478,2014-04-22,1170.77,641.41,1823.46,1458.29
479,2014-04-21,1173.74,641.41,1829.62,1458.29
480,2014-04-17,1169.49,641.41,1820.79,1458.29
481,2014-04-16,1169.49,641.41,1820.79,1458.29
482,2014-04-15,1169.49,641.41,1820.79,1458.29
483,2014-04-14,1170.1899,644.41,1820.79,1458.29
484,2014-04-11,1167.9399,646.58,1817.83,1453.4
485,2014-04-10,1169.9399,646.58,1817.76,1460.74
486,2014-04-09,1171.38,646.58,1817.76,1465.62
487,2014-04-08,1171.38,646.58,1817.76,1465.62
488,2014-04-07,1171.38,646.58,1817.76,1465.62
489,2014-04-04,1172.09,646.58,1817.76,1468.0699
490,2014-04-03,1172.09,646.58,1817.76,1468.0699
491,2014-04-02,1172.09,646.58,1817.76,1468.0699
492,2014-04-01,1172.21,647.07,1817.76,1468.0699
493,2014-03-31,1172.21,647.07,1817.76,1468.0699
494,2014-03-28,1171.83,647.07,1817.76,1466.79
495,2014-03-27,1171.83,647.07,1817.76,1467.15
496,2014-03-26,1172.88,651.58,1817.76,1467.15
497,2014-03-25,1172.88,651.58,1817.76,1467.15
498,2014-03-24,1174.53,651.58,1819.89,1469.27
499,2014-03-21,1167.0601,616.77,1819.89,1471.4
500,2014-03-20,1167.6801,616.77,1819.89,1473.52
501,2014-03-19,1168.3,616.77,1819.89,1475.65
502,2014-03-18,1167.88,609.61,1819.89,1479.9
503,2014-03-17,1162,584.31,1819.89,1479.9
504,2014-03-14,1162.62,584.31,1819.89,1482.02
505,2014-03-13,1158.46,582.14,1809.72,1486.28
506,2014-03-12,1158.46,582.14,1809.72,1486.28
507,2014-03-11,1155.13,570.5,1809.72,1484.15
508,2014-03-10,1155.75,570.5,1809.72,1486.28
509,2014-03-07,1153.88,570.5,1809.72,1480.02
510,2014-03-06,1155.75,570.5,1809.72,1486.39
511,2014-03-05,1154.62,568.33,1809.58,1484.27
512,2014-02-28,1154.8,568.33,1809.95,1484.27
513,2014-02-27,1140.03,568.33,1780.88,1486.39
514,2014-02-26,1136.88,568.33,1774.34,1486.39
515,2014-02-25,1136.74,570.5,1774.34,1484.27
516,2014-02-24,1134.85,570.5,1770.4,1484.27
517,2014-02-21,1135.3199,570.5,1770.08,1486.39
518,2014-02-20,1134.21,568.33,1770.08,1484.27
519,2014-02-19,1134.21,568.33,1770.08,1484.27
520,2014-02-18,1134.6899,570.5,1770.08,1484.27
521,2014-02-17,1135.9399,570.5,1770.08,1488.52
522,2014-02-14,1135.17,570.5,1771.0699,1484.27
523,2014-02-13,1132.41,561.3,1771.0699,1482.14
524,2014-02-12,1132.41,561.3,1771.0699,1482.14
525,2014-02-11,1135.98,561.3,1778.49,1482.14
526,2014-02-10,1131.63,561.3,1770.76,1480.02
527,2014-02-07,1131.63,561.3,1770.76,1480.02
528,2014-02-06,1131.15,559.13,1770.76,1480.02
529,2014-02-05,1132.5699,565.26,1770.76,1480.02
530,2014-02-04,1136.46,582.63,1770.76,1480.02
531,2014-02-03,1138.6,591.84,1770.76,1480.02
532,2014-01-31,1138.6,591.84,1770.76,1480.02
533,2014-01-30,1136.74,577.57,1770.6,1480.02
534,2014-01-29,1133.8,572.96,1770.6,1473.64
535,2014-01-28,1136.29,572.96,1770.6,1482.14
536,2014-01-27,1136.29,572.96,1770.6,1482.14
537,2014-01-24,1138.28,584.19,1770.6,1480.02
538,2014-01-23,1138.28,584.19,1770.6,1480.02
539,2014-01-22,1136.3199,584.32,1766.47,1480.02
540,2014-01-21,1132.58,584.32,1766.47,1467.27
541,2014-01-20,1133.21,584.32,1766.47,1469.39
542,2014-01-17,1131.96,584.32,1766.47,1465.14
543,2014-01-16,1130.09,584.32,1766.47,1458.76
544,2014-01-15,1132.0699,584.32,1766.47,1466.15
545,2014-01-14,1129.67,582,1766.47,1458.76
546,2014-01-13,1129.67,582,1766.47,1458.76
547,2014-01-10,1107.1899,582,1725.47,1458.76
548,2014-01-09,1133.98,605.36,1766.47,1458.76
549,2014-01-08,1133.98,605.36,1766.47,1458.76
550,2014-01-07,1140.5601,605.36,1766.47,1483.4
551,2014-01-06,1133.98,605.36,1766.47,1458.76
552,2014-01-03,1126.4301,564.48,1766.47,1458.76
553,2014-01-02,1125.22,557.92,1766.47,1458.76
554,2013-12-30,1125.22,557.92,1766.47,1458.76
555,2013-12-27,1124.83,548.65,1766.47,1463.6899
556,2013-12-26,1115.13,551.92,1750.0699,1458.76
557,2013-12-24,1124.12,551.92,1766.47,1458.76
558,2013-12-23,1123.46,551.92,1766.47,1456.3
559,2013-12-20,1115.91,525.28,1766.47,1446.45
560,2013-12-19,1098.22,515.45,1743.51,1434.13
561,2013-12-18,1093.28,508.9,1736.71,1434.13
562,2013-12-17,1089.33,508.9,1736.71,1419.35
563,2013-12-16,1090.64,508.9,1742.7,1411.96
564,2013-12-13,1093.28,508.9,1742.7,1421.8101
565,2013-12-12,1090.17,506.33,1742.7,1411.96
566,2013-12-11,1088.4,506.33,1741.87,1407.03
567,2013-12-10,1088.45,503.06,1741.87,1409.5
568,2013-12-09,1087.79,503.06,1741.87,1407.03
569,2013-12-05,1083.1899,503.06,1741.87,1389.79
570,2013-12-04,1087.14,503.06,1741.87,1404.5699
571,2013-12-03,1086.9301,503.06,1742.7,1402.11
572,2013-12-02,1082.98,503.06,1742.7,1387.33
573,2013-11-29,1086.27,530.48,1741.87,1382.4
574,2013-11-28,1080.8101,530.48,1736.71,1372.55
575,2013-11-27,1082.9301,533.76,1741.87,1367.62
576,2013-11-26,1079.4,530.48,1736.54,1367.62
577,2013-11-25,1075.35,509.61,1737.37,1365.16
578,2013-11-22,1078.39,533.76,1737.21,1360.23
579,2013-11-21,1077.9,523.92,1737.21,1365.16
580,2013-11-20,1078.14,527.2,1736.54,1365.16
581,2013-11-19,1078.59,527.2,1737.37,1365.16
582,2013-11-18,1076.72,520.65,1737.37,1362.6899
583,2013-11-15,1075.41,520.65,1737.37,1357.77
584,2013-11-14,1072.33,507.54,1737.37,1355.3
585,2013-11-13,1071.01,507.54,1737.37,1350.38
586,2013-11-12,1071.62,510.81,1737.37,1350.38
587,2013-11-11,1069.49,499.25,1737.37,1350.38
588,2013-11-08,1064.75,477.14,1737.37,1347.91
589,2013-11-07,1056.84,441.43,1737.37,1342.99
590,2013-11-06,1057.5,441.43,1737.37,1345.45
591,2013-11-05,1063.6899,478.53,1737.37,1342.99
592,2013-11-04,1063.03,478.53,1737.37,1340.52
593,2013-11-01,1063.03,478.53,1737.37,1340.52
594,2013-10-31,1062.37,478.53,1737.37,1338.0601
595,2013-10-30,1062.37,478.53,1737.37,1338.0601
596,2013-10-29,1061.79,475.37,1737.37,1338.0601
597,2013-10-28,1061.79,475.37,1737.37,1338.0601
598,2013-10-25,1061.13,475.37,1737.37,1335.6
599,2013-10-24,1061.71,478.53,1737.37,1335.6
600,2013-10-23,1061.71,478.53,1737.37,1335.6
601,2013-10-22,1061.71,478.53,1737.37,1335.6
602,2013-10-21,1061.13,475.37,1737.37,1335.6
603,2013-10-18,1063.41,483.89,1737.45,1338.0601
604,2013-10-17,1060.37,472.21,1737.04,1335.6
605,2013-10-16,1055.66,446.71,1737.04,1335.6
606,2013-10-15,1055.41,446.71,1735.38,1338.0601
607,2013-10-14,1054.75,446.71,1735.38,1335.6
608,2013-10-10,1054.75,446.71,1735.38,1335.6
609,2013-10-09,1054.75,446.71,1735.38,1335.6
610,2013-10-08,1056.91,458.39,1735.38,1335.6
611,2013-10-07,1055.74,458.39,1733.25,1335.6
612,2013-10-04,1055.74,458.39,1733.25,1335.6
613,2013-10-03,1055.74,458.39,1733.25,1335.6
614,2013-10-02,1055.74,458.39,1733.25,1335.6
615,2013-10-01,1055.74,458.39,1733.25,1335.6
616,2013-09-30,1061.13,487.59,1733.25,1335.6
617,2013-09-27,1062.04,487.59,1734.91,1335.6
618,2013-09-26,1062.04,487.59,1734.91,1335.6
619,2013-09-25,1062.8101,491.79,1734.91,1335.6
620,2013-09-24,1062.8101,491.79,1734.91,1335.6
621,2013-09-23,1062.8101,491.79,1734.91,1335.6
622,2013-09-20,1054.0699,444.41,1734.91,1335.6
623,2013-09-19,1055.1899,444.41,1734.91,1335.6
624,2013-09-18,1054.0699,444.41,1734.91,1335.6
625,2013-09-17,1056.21,456,1734.91,1335.6
626,2013-09-16,1056.21,456,1734.91,1335.6
627,2013-09-13,1056.21,456,1734.91,1335.6
628,2013-09-12,1059.5601,474.18,1734.91,1335.6
629,2013-09-11,1059.5601,474.18,1734.91,1335.6
630,2013-09-10,1059.5601,474.18,1734.91,1335.6
631,2013-09-09,1059.5601,474.18,1734.91,1335.6
632,2013-09-06,1064.8199,503.38,1734.67,1335.6
633,2013-09-05,1057.33,503.38,1722.22,1333.13
634,2013-09-04,1057.99,503.38,1722.22,1335.6
635,2013-09-03,1057.99,503.38,1722.22,1335.6
636,2013-09-02,1058.65,503.38,1722.22,1338.0601
637,2013-08-30,1058.65,503.38,1722.22,1338.0601
638,2013-08-29,1063.38,532.59,1722.22,1335.6
639,2013-08-28,1063.38,532.59,1722.22,1335.6
640,2013-08-27,1063.38,532.59,1722.22,1335.6
641,2013-08-26,1062.67,532.59,1722.13,1333.13
642,2013-08-23,1063.33,532.59,1722.13,1335.6
643,2013-08-22,1063.99,532.59,1722.13,1338.0601
644,2013-08-21,1063.95,532.59,1722.05,1338.0601
645,2013-08-20,1063.95,532.59,1722.05,1338.0601
646,2013-08-19,1062.63,532.59,1722.05,1333.13
647,2013-08-16,1062.63,532.59,1722.05,1333.13
648,2013-08-15,1060.67,532.59,1719.67,1330.67
649,2013-08-14,1060.01,532.59,1719.67,1328.21
650,2013-08-13,1059.35,532.59,1719.67,1325.74
651,2013-08-12,1061.1801,538.91,1719.67,1328.21
652,2013-08-09,1061.1801,538.91,1719.67,1328.21
653,2013-08-08,1059.86,538.91,1719.67,1323.28
654,2013-08-07,1060.89,548.38,1718.36,1323.28
655,2013-08-06,1062.71,554.7,1718.36,1325.74
656,2013-08-05,1062.05,554.7,1718.36,1323.28
657,2013-08-02,1062.05,554.7,1718.36,1323.28
658,2013-08-01,1062.05,554.7,1718.36,1323.28
659,2013-07-31,1062.05,554.7,1718.36,1323.28
660,2013-07-30,1058.75,536.79,1718.36,1323.28
661,2013-07-29,1058.6,543.11,1718.36,1318.35
662,2013-07-26,1066.33,577.89,1718.36,1323.28
663,2013-07-25,1856.0699,577.89,1718.36,1323.28
664,2013-07-24,1066.33,577.89,1718.36,1323.28
665,2013-07-23,1065.67,577.89,1718.36,1320.8101
666,2013-07-22,1065.67,577.89,1718.36,1320.8101
667,2013-07-19,1065.01,577.89,1718.36,1318.35
668,2013-07-18,1068.08,587.36,1718.36,1323.28
669,2013-07-17,1068.08,587.36,1718.36,1323.28
670,2013-07-16,1066.3101,587.45,1717.66,1317.59
671,2013-07-15,1066.3101,587.45,1717.66,1317.59
672,2013-07-12,1066.3101,587.45,1717.66,1317.59
673,2013-07-11,1067.01,587.45,1717.66,1320.4301
674,2013-07-10,1065.14,587.45,1712.98,1323.28
675,2013-07-09,1065.3199,587.45,1713.29,1323.28
676,2013-07-08,1065.3199,587.45,1713.29,1323.28
677,2013-07-05,1065.3199,587.45,1713.29,1323.28
678,2013-07-04,1059.61,587.45,1705.45,1317.59
679,2013-07-03,1068.23,602.71,1713.29,1320.4301
680,2013-07-02,1067.53,602.71,1713.29,1317.59
681,2013-07-01,1066.45,602.71,1711.33,1317.59
682,2013-06-28,1066.45,602.71,1711.33,1317.59
683,2013-06-27,1066.45,602.71,1711.33,1317.59
684,2013-06-26,1066.45,602.71,1711.33,1317.59
685,2013-06-25,1063.27,602.71,1705.53,1317.59
686,2013-06-24,1061.78,590.51,1705.53,1323.28
687,2013-06-21,1061.25,580.74,1711.33,1317.59
688,2013-06-20,1060.55,580.74,1711.33,1314.75
689,2013-06-19,1061.25,580.74,1711.33,1317.59
690,2013-06-18,1059.85,580.74,1711.33,1311.9
691,2013-06-17,1061.24,580.74,1711.3,1317.59
692,2013-06-14,1052.35,550.9,1705.4301,1323.28
693,2013-06-13,1050.95,550.9,1705.4301,1317.59
694,2013-06-12,1050.1801,550.9,1704.02,1317.59
695,2013-06-11,1050.52,552.35,1704.02,1317.59
696,2013-06-10,1046.0601,552.35,1695.9,1317.59
697,2013-06-07,1046.0601,552.35,1695.9,1317.59
698,2013-06-06,1046.0601,552.35,1695.9,1317.59
699,2013-06-05,1046.02,552.35,1695.8199,1317.59
700,2013-06-04,1048.2,564.56,1695.8199,1314.75
701,2013-06-03,1052.0601,571.88,1700.97,1311.9
702,2013-05-31,1056.36,571.88,1707.52,1314.75
703,2013-05-30,1056.36,571.88,1707.52,1314.75
704,2013-05-29,1059.91,586.89,1707.52,1314.75
705,2013-05-28,1059.87,586.89,1707.4399,1314.75
706,2013-05-27,1059.87,586.89,1707.4399,1314.75
707,2013-05-23,1057.3,586.89,1702.76,1314.75
708,2013-05-22,1056.72,584.45,1702.76,1314.75
709,2013-05-21,1066.91,630.82,1702.61,1311.9
710,2013-05-20,1064.3101,616.85,1702.61,1314.75
711,2013-05-17,1064.3101,616.85,1702.61,1314.75
712,2013-05-16,1062.91,616.85,1702.61,1309.0601
713,2013-05-15,1079.9301,681.5,1702.61,1314.75
714,2013-05-14,1076.9301,681.5,1700.27,1309.0601
715,2013-05-13,1078.33,681.5,1700.27,1314.75
716,2013-05-10,1078.33,681.5,1700.27,1314.75
717,2013-05-09,1076.9301,681.5,1700.27,1309.0601
718,2013-05-08,1078.33,681.5,1700.34,1314.75
719,2013-05-07,1072.5699,663.12,1700.27,1309.0601
720,2013-05-06,1073.98,663.12,1700.27,1314.75
721,2013-05-03,1079.38,685.95,1700.27,1314.75
722,2013-05-02,1078.2,687.07,1700.1899,1309.0601
723,2013-04-30,1083.6,687.07,1710.02,1309.0601
724,2013-04-29,1080.7,674.81,1710.02,1309.0601
725,2013-04-26,1080.7,674.81,1710.02,1309.0601
726,2013-04-25,1101.89,764.33,1710.02,1309.0601
727,2013-04-24,1101.76,764.33,1709.79,1309.0601
728,2013-04-23,1101.0601,764.33,1709.79,1306.22
729,2013-04-22,1088.58,764.33,1687.05,1306.22
730,2013-04-19,1089.3199,764.33,1687.13,1309.0601
731,2013-04-18,1089.3199,764.33,1687.13,1309.0601
732,2013-04-17,1089.3199,764.33,1687.13,1309.0601
733,2013-04-16,1092.13,764.33,1687.13,1320.4301
734,2013-04-15,1089.3199,764.33,1687.13,1309.0601
735,2013-04-12,1089.3199,764.33,1687.13,1309.0601
736,2013-04-11,1090.6801,764.33,1687.05,1314.75
737,2013-04-10,1090.6801,764.33,1687.05,1314.75
738,2013-04-09,1089.9,764.33,1685.63,1314.75
739,2013-04-08,1091.3101,764.33,1685.63,1320.4301
740,2013-04-05,1094.17,773.46,1685.63,1323.28
741,2013-04-04,1090.66,773.46,1685.63,1309.0601
742,2013-04-03,1078.74,711.25,1685.63,1320.4301
743,2013-04-02,1075.9399,711.25,1685.63,1309.0601
744,2013-04-01,1087.74,707.8,1685.63,1360.24
745,2013-03-28,1096.03,707.8,1685.63,1393.87
746,2013-03-27,1097.3199,707.8,1687.98,1393.87
747,2013-03-26,1073.63,707.8,1673.88,1289.11
748,2013-03-25,1054.54,705.34,1640.16,1289.11
749,2013-03-22,1052.6899,705.34,1640.16,1281.62
750,2013-03-21,1053.92,705.34,1640.16,1286.61
751,2013-03-20,1051.09,698.56,1640.16,1281.62
752,2013-03-19,1051.09,698.56,1640.16,1281.62
753,2013-03-18,1051.09,698.56,1640.16,1281.62
754,2013-03-15,1045.55,698.56,1640.16,1259.1801
755,2013-03-14,1044.9399,698.56,1640.16,1256.6801
756,2013-03-13,1044.9399,698.56,1640.16,1256.6801
757,2013-03-12,1044.3199,698.56,1640.16,1254.1899
758,2013-03-11,1043.79,696.3,1640.16,1254.1899
759,2013-03-08,1038.9399,698.65,1629.1899,1256.6801
760,2013-03-07,1036.39,698.65,1629.03,1246.7
761,2013-03-06,1036.39,698.65,1629.03,1246.7
762,2013-03-05,1037.4399,698.65,1630.9399,1246.7
763,2013-03-04,1038.05,698.65,1630.9399,1249.2
764,2013-03-01,1037.89,703.17,1630.9399,1244.21
765,2013-02-28,1037.89,703.17,1630.9399,1244.21
766,2013-02-27,1027.54,703.17,1607.59,1254.1899
767,2013-02-26,1027.54,703.17,1607.59,1254.1899
768,2013-02-25,1035.39,703.17,1633.11,1229.24
769,2013-02-22,1029.86,703.17,1633.11,1206.8
770,2013-02-21,1031.7,703.17,1633.11,1214.48
771,2013-02-20,1032.9301,703.17,1633.11,1219.27
772,2013-02-19,1026.01,703.17,1626.1,1206.8
773,2013-02-18,1026.9399,694.13,1626.1,1219.27
774,2013-02-15,1020.79,694.13,1626.1,1194.3199
775,2013-02-14,1020.79,694.13,1626.1,1194.3199
776,2013-02-13,1024.92,698.56,1626.1,1206.8
777,2013-02-07,1017.83,676.4,1626.1,1199.3101
778,2013-02-06,1011.49,649.81,1622.66,1206.8
779,2013-02-05,1011.49,649.81,1622.66,1206.8
780,2013-02-04,1011.56,663.1,1622.66,1194.3199
781,2013-02-01,1011.72,663.1,1622.95,1194.3199
782,2013-01-31,1018.02,689.7,1622.95,1194.3199
783,2013-01-30,1004.45,645.38,1622.95,1181.85
784,2013-01-29,1001.7,645.38,1622.4301,1171.88
785,2013-01-28,1010.22,670.96,1622.4301,1181.85
786,2013-01-25,1024.37,686.77,1622.4301,1239.22
787,2013-01-24,1010.23,686.77,1622.36,1166.89
788,2013-01-23,1010.85,686.77,1622.36,1169.38
789,2013-01-22,1009.79,686.77,1622.36,1164.72
790,2013-01-21,1011.41,688.84,1622.36,1169.38
791,2013-01-18,1010.88,688.84,1622.36,1167.05
792,2013-01-17,1010.35,688.84,1622.36,1164.72
793,2013-01-16,1010.31,688.84,1622.27,1164.72
794,2013-01-15,1010.31,688.84,1622.27,1164.72
795,2013-01-14,1010.31,688.84,1622.27,1164.72
796,2013-01-11,1014.72,705.05,1622.27,1164.72
797,2013-01-10,1015.25,705.05,1622.27,1167.05
798,2013-01-09,1016.73,710.48,1622.27,1167.05
799,2013-01-08,1015.25,705,1622.27,1167.05
800,2013-01-07,1020.89,725.72,1622.27,1167.05
801,2013-01-04,1020.84,725.72,1622.1899,1167.05
802,2013-01-03,1023.09,733.99,1622.1899,1167.05
803,2013-01-02,1021.78,733.99,1608.13,1192.71
804,2012-12-28,1021.78,733.99,1608.13,1192.71
805,2012-12-27,1019.13,733.99,1608.13,1181.04
806,2012-12-26,1019.55,747.19,1608.13,1167.05
807,2012-12-21,1019.96,747.19,1608.13,1167.05
808,2012-12-20,1019.02,747.19,1608.13,1164.72
809,2012-12-19,1019.96,747.19,1607.88,1169.38
810,2012-12-18,1018.9,747.19,1607.88,1164.72
811,2012-12-17,1018.9,747.19,1607.88,1164.72
812,2012-12-14,1015.08,747.19,1599.3199,1167.05
813,2012-12-13,1014.02,747.19,1599.3199,1162.38
814,2012-12-12,1015.61,747.19,1599.3199,1169.38
815,2012-12-11,1019.49,765.32,1599.3199,1164.72
816,2012-12-10,1020.55,765.32,1599.3199,1169.38
817,2012-12-07,1018.21,767.39,1595.6801,1164.72
818,2012-12-05,1018.01,767.39,1539.2,1169.38
819,2012-12-04,1015.59,760.47,1593.2,1167.05
820,2012-12-03,1015.06,760.47,1593.2,1164.72
821,2012-11-30,1016.12,760.47,1593.2,1169.38
822,2012-11-29,1014.97,756.76,1592.92,1169.38
823,2012-11-28,1014.44,756.76,1592.92,1167.05
824,2012-11-27,1011.71,746.73,1592.92,1167.05
825,2012-11-26,1012.38,749.21,1592.92,1167.05
826,2012-11-23,1012.38,749.21,1592.92,1167.05
827,2012-11-22,1012.38,749.21,1592.92,1167.05
828,2012-11-21,1013.97,749.21,1592.92,1174.05
829,2012-11-20,1012.38,749.21,1592.92,1167.05
830,2012-11-19,1014.32,770.54,1592.92,1167.05
831,2012-11-16,1017.67,770.54,1592.92,1164.72
832,2012-11-15,1017.67,770.54,1592.92,1164.72
833,2012-11-14,1020.04,774.56,1591.27,1174.05
834,2012-11-13,1019.9,781.83,1519.27,1164.72
835,2012-11-12,1018.53,781.83,1584.4,1174.05
836,2012-11-09,1014.74,771.8,1584.4,1169.38
837,2012-11-08,1014.21,771.8,1584.4,1167.05
838,2012-11-07,1015.8,771.8,1584.4,1174.05
839,2012-11-06,1005.81,739.05,1584.4,1169.38
840,2012-11-05,1006.87,739.05,1584.4,1174.05
841,2012-11-01,1004.75,739.05,1584.4,1164.72
842,2012-10-31,1006.82,739.05,1584.3,1174.05
843,2012-10-30,1017.66,782.71,1584.3,1169.38
844,2012-10-29,1018.72,782.71,1584.21,1174.05
845,2012-10-26,1017.62,782.71,1584.21,1169.38
846,2012-10-25,1017.62,782.71,1584.21,1169.38
847,2012-10-24,1017.62,782.71,1584.21,1169.38
848,2012-10-23,1023.09,802.78,1584.21,1169.38
849,2012-10-22,1026.13,810.06,1584.21,1174.05
850,2012-10-19,1026.42,815.01,1584.21,1169.38
851,2012-10-18,1027.48,815.01,1524.21,1174.05
852,2012-10-17,1027.48,815.01,1584.21,1174.05
853,2012-10-16,1025.21,812.52,1584.21,1167.05
854,2012-10-15,1029.77,823.44,1584.21,1174.05
855,2012-10-11,1031.91,837.11,1584.21,1167.05
856,2012-10-10,1033.9301,837.11,1585.0601,1174.05
857,2012-10-09,1030.25,829.08,1584.21,1169.38
858,2012-10-08,1032.41,833.1,1584.21,1174.05
859,2012-10-05,1034.1,845.14,1584.21,1167.05
860,2012-10-04,1039.01,863.2,1579.12,1169.38
861,2012-10-03,1039.01,866.84,1579.12,1174.05
862,2012-10-02,1031.52,866.84,1566.4399,1169.38
863,2012-10-01,1031.52,866.84,1566.4399,1169.38
864,2012-09-28,1030.46,866.84,1566.4399,1164.72
865,2012-09-27,1030.4301,862.83,1566.4399,1169.38
866,2012-09-26,1028.26,858.81,1564.33,1169.38
867,2012-09-25,1028.1909,862.45,1564.33,1164.72
868,2012-09-24,1027.9863,861.7,1564.33,1164.72
869,2012-09-21,1029.0454,861.7,1564.33,1169.38
870,2012-09-20,1027.9863,861.7,1564.33,1164.72
871,2012-09-19,1027.9863,861.7,1564.33,1164.72
872,2012-09-18,1029.0454,861.7,1564.33,1169.38
873,2012-09-17,1028.4985,859.69,1564.33,1169.38
874,2012-09-14,1028.4985,859.69,1564.33,1169.38
875,2012-09-13,1029.49,863.33,1564.33,1169.38
876,2012-09-12,1029.49,863.33,1564.33,1169.38
877,2012-09-11,1032.6844,865.34,1564.33,1181.04
878,2012-09-10,1032.6844,865.34,1564.33,1181.04
879,2012-09-07,1040.9429,905.36,1564.33,1169.53
880,2012-09-06,1035.1294,876.26,1564.33,1178.86
881,2012-09-05,1037.777,876.26,1564.33,1190.53
882,2012-09-04,1035.3293,876.26,1566.8101,1174.2
883,2012-09-03,1038.5065,876.26,1566.8101,1188.1899
884,2012-08-31,1045.1565,906.49,1566.8101,1181.2
885,2012-08-30,1044.0627,902.48,1566.8101,1181.2
886,2012-08-29,1050.7931,913.39,1568.99,1192.86
887,2012-08-28,1047.0728,913.39,1566.88,1181.2
888,2012-08-27,1048.729,909.75,1566.88,1192.86
889,2012-08-24,1049.736,903.73,1566.88,1204.52
890,2012-08-23,1049.2064,903.73,1566.88,1202.1899
891,2012-08-22,1044.2671,883.66,1566.88,1204.52
892,2012-08-21,1045.3407,888.96,1566.15,1204.52
893,2012-08-20,1053.1621,927.22,1566.24,1192.86
894,2012-08-17,1045.6119,929.23,1555.51,1181.2
895,2012-08-16,1044.3528,929.23,1553.03,1181.2
896,2012-08-15,1041.3494,927.92,1553.03,1169.53
897,2012-08-14,1042.9727,931.94,1553.03,1171.87
898,2012-08-13,1032.5286,895.55,1553.03,1169.53
899,2012-08-09,1031.999,895.55,1553.03,1167.2
900,2012-08-08,1032.5286,895.55,1553.03,1169.53
901,2012-08-07,1032.5286,895.55,1553.03,1169.53
902,2012-08-06,1045.0908,931.94,1553.03,1181.2
903,2012-08-03,1033.5876,895.55,1553.03,1174.2
904,2012-08-02,1033.0581,895.55,1553.03,1171.87
905,2012-08-01,1033.5876,895.55,1553.03,1174.2
906,2012-07-31,1033.0581,895.55,1553.03,1171.87
907,2012-07-30,1034.2526,895.55,1551.21,1181.2
908,2012-07-27,1041.1466,911.41,1559.4,1174.2
909,2012-07-26,1049.3405,933.62,1560.49,1181.2
910,2012-07-25,1045.9897,913.55,1560.49,1190.53
911,2012-07-24,1037.5837,913.55,1543.9399,1190.53
912,2012-07-23,1038.1132,913.55,1543.9399,1192.86
913,2012-07-20,1045.9897,913.55,1560.49,1190.53
914,2012-07-19,1038.3503,898.99,1552.22,1192.86
915,2012-07-18,1026.6472,856.04,1552.22,1192.86
916,2012-07-17,1021.7252,837.98,1552.22,1192.86
917,2012-07-16,1033.4679,873.89,1552.9399,1199.86
918,2012-07-13,1033.153,859.84,1561.95,1195.1899
919,2012-07-12,1031.6499,854.32,1561.95,1195.1899
920,2012-07-11,1032.1118,857.96,1561.95,1192.86
921,2012-07-10,1045.6229,832.87,1561.22,1192.86
922,2012-07-09,1038.4897,873.01,1561.22,1204.52
923,2012-07-06,1034.6844,874.31,1553.03,1206.05
924,2012-07-05,1032.1885,874.31,1554.42,1193.64
925,2012-07-04,1028.9478,874.31,1554.42,1181.22
926,2012-07-03,1036.5928,892.96,1554.42,1193.64
927,2012-07-02,1038.0446,899.1,1554.42,1193.64
928,2012-06-29,1031.0392,894.75,1554.42,1171.29
929,2012-06-28,1031.6874,894.75,1554.42,1173.77
930,2012-06-27,1026.6292,889.96,1545.48,1176.25
931,2012-06-26,1036.026,905.64,1554.33,1178.74
932,2012-06-25,1039.0878,915.86,1554.33,1181.22
933,2012-06-22,1031.3169,915.86,1545.48,1168.8
934,2012-06-21,1031.3169,915.86,1545.48,1168.8
935,2012-06-20,1026.3135,894.68,1545.48,1168.8
936,2012-06-19,1043.3179,952.94,1545.48,1181.22
937,2012-06-18,1038.9197,952.94,1543.21,1168.8
938,2012-06-15,1028.1873,952.94,1522.29,1168.8
939,2012-06-14,1041.7775,952.94,1548.86,1168.8
940,2012-06-13,1041.7775,952.94,1548.86,1168.8
941,2012-06-12,1036.5638,950.04,1540,1168.8
942,2012-06-11,1042.3903,950.04,1548.86,1173.77
943,2012-06-08,1042.5834,950.04,1551.65,1168.8
944,2012-06-07,1043.267,952.94,1551.65,1168.8
945,2012-06-06,1043.267,952.94,1551.65,1168.8
946,2012-06-05,1043.267,952.94,1551.65,1168.8
947,2012-06-04,1043.267,952.94,1551.65,1168.8
948,2012-06-01,1034.2521,952.94,1534.03,1168.8
949,2012-05-31,1033.0605,952.94,1531.79,1168.8
950,2012-05-30,1024.1465,925.92,1527.04,1168.8
951,2012-05-29,1022.0638,913.37,1528.77,1168.8
952,2012-05-28,1035.1014,968.56,1528.77,1168.8
953,2012-05-24,1022.2504,942.93,1515.48,1168.8
954,2012-05-23,1010.4085,892.8,1515.48,1168.8
955,2012-05-22,1019.4116,930.91,1515.48,1168.8
956,2012-05-21,1018.0445,925.12,1515.48,1168.8
957,2012-05-18,1023.9121,925.12,1526.95,1168.8
958,2012-05-17,1025.2084,925.12,1526.95,1173.77
959,2012-05-16,1010.7285,892.8,1509.77,1181.22
960,2012-05-15,1025.9717,964.37,1511.58,1171.29
961,2012-05-14,1025.3235,964.37,1511.58,1168.8
962,2012-05-11,1025.3235,964.37,1511.58,1168.8
963,2012-05-10,1025.3235,964.37,1511.58,1168.8
964,2012-05-09,1028.6055,978.84,1511.3199,1168.8
965,2012-05-08,1024.6399,961.48,1511.58,1168.8
966,2012-05-07,1023.2773,956.86,1511.05,1168.8
967,2012-05-04,1023.2773,956.86,1511.05,1168.8
968,2012-05-03,1027.7456,956.86,1519.4301,1168.8
969,2012-05-02,1031.6542,973.02,1519.61,1165.95
970,2012-04-30,1022.8902,957.48,1509.65,1165.95
971,2012-04-27,1026.4392,950.56,1509.65,1185.8199
972,2012-04-26,1030.7942,968.99,1509.65,1187.3199
973,2012-04-25,1025.6089,968.99,1509.65,1167.45
974,2012-04-24,1027.1545,975.92,1509.47,1167.45
975,2012-04-23,1025.0865,949.87,1508.59,1184.84
976,2012-04-20,1023.7902,949.87,1508.59,1179.87
977,2012-04-19,1020.5494,949.87,1508.59,1167.45
978,2012-04-18,1028.7803,949.87,1509.47,1197.25
979,2012-04-17,1024.6316,965.24,1509.47,1167.45
980,2012-04-16,1036.6702,986.02,1509.47,1194.77
981,2012-04-13,1035.6926,1012.06,1509.47,1167.45
982,2012-04-12,1035.6926,1012.06,1509.47,1167.45
983,2012-04-11,1045.0944,1012.06,1505.04,1212.15
984,2012-04-10,1050.8813,1012.06,1516.36,1212.15
985,2012-04-09,1045.9727,991.28,1516.36,1212.15
986,2012-04-05,1045.9727,991.28,1516.36,1212.15
987,2012-04-04,1042.0295,988.97,1509.72,1212.15
988,2012-04-03,1046.8634,983.49,1513.7,1227.05
989,2012-04-02,1045.3092,983.49,1511.9301,1224.5699
990,2012-03-30,1036.1403,977.71,1494.14,1229.54
991,2012-03-29,1031.0846,977.71,1494.14,1210.17
992,2012-03-28,1023.0917,943.87,1494.14,1210.17
993,2012-03-27,1001.2079,943.87,1484.39,1145.41
994,2012-03-26,1002.0882,957.73,1484.39,1138.9399
995,2012-03-23,995.8611,966.96,1466.85,1141.1
996,2012-03-22,995.2978,966.96,1466.85,1138.9399
997,2012-03-21,995.8611,966.96,1466.85,1141.1
998,2012-03-20,995.8611,966.96,1466.85,1141.1
999,2012-03-19,996.4245,966.96,1466.85,1143.26
1000,2012-03-16,996.4245,966.96,1466.85,1143.26
1001,2012-03-15,995.2978,966.96,1466.85,1138.9399
1002,2012-03-14,996.1289,969.27,1467.41,1138.9399
1003,2012-03-13,995.0022,969.27,1467.41,1134.62
1004,2012-03-12,995.8432,969.27,1466.85,1138.9399
1005,2012-03-09,995.8253,971.58,1466.85,1136.78
1006,2012-03-08,997.4795,976.2,1466.85,1138.9399
1007,2012-03-07,993.7663,976.2,1466.85,1138.9399
1008,2012-03-06,1000.2222,1003.52,1466.85,1138.9399
1009,2012-03-05,991.8866,992.59,1455.6,1138.9399
1010,2012-03-02,990.7599,992.59,1455.6,1134.62
1011,2012-03-01,997.8863,1017.99,1455.6,1138.9399
1012,2012-02-29,997.1385,1024.42,1451.17,1138.9399
1013,2012-02-28,997.1385,1024.42,1451.17,1138.9399
1014,2012-02-27,997.1385,1024.42,1451.17,1138.9399
1015,2012-02-24,984.7503,1024.42,1426.9399,1138.9399
1016,2012-02-23,996.5751,1024.42,1451.17,1136.78
1017,2012-02-22,988.9239,989.65,1451.17,1138.9399
1018,2012-02-17,988.9239,989.65,1451.17,1138.9399
1019,2012-02-16,989.4873,989.65,1451.17,1141.1
1020,2012-02-15,989.4873,989.65,1451.17,1141.1
1021,2012-02-14,989.4873,989.65,1451.17,1141.1
1022,2012-02-13,988.8177,986.81,1451.17,1141.1
1023,2012-02-10,988.2543,986.81,1451.17,1138.9399
1024,2012-02-09,987.691,986.81,1451.17,1136.78
1025,2012-02-08,989.1214,988.1,1451.17,1141.1
1026,2012-02-07,987.676,979.59,1451.17,1143.26
1027,2012-02-06,987.3722,978.31,1451.17,1143.26
1028,2012-02-03,986.8089,978.31,1451.17,1141.1
1029,2012-02-02,987.3494,981.14,1450.91,1141.1
1030,2012-02-01,986.5736,975.47,1450.91,1143.26
1031,2012-01-31,986.4388,975.47,1451.75,1141.1
1032,2012-01-30,986.4388,975.47,1451.75,1144.1
1033,2012-01-27,955.6321,844.3,1452.11,1144.1
1034,2012-01-26,956.7588,844.3,1452.11,1148.42
1035,2012-01-25,953.4439,835.03,1452.11,1144.1
1036,2012-01-24,949.712,816.85,1452.11,1146.26
1037,2012-01-23,950.1025,818.5,1452.11,1146.26
1038,2012-01-20,948.9758,818.5,1452.11,1141.9399
1039,2012-01-19,947.9411,815.67,1451.39,1141.9399
1040,2012-01-18,950.0216,817.32,1451.39,1148.42
1041,2012-01-17,946.552,807.4,1451.39,1144.1
1042,2012-01-16,946.552,807.4,1451.39,1144.1
1043,2012-01-13,945.3976,807.4,1451.39,1139.98
1044,2012-01-12,946.552,807.4,1451.39,1144.1
1045,2012-01-11,943.1269,789.88,1451.39,1148.21
1046,2012-01-10,938.1124,772.9,1451.39,1146.16
1047,2012-01-09,933.5065,755.28,1451.39,1146.16
1048,2012-01-06,939.724,777.04,1451.3,1148.21
1049,2012-01-05,939.724,777.04,1451.3,1148.21
